dataset,model,f1,log_loss,fit,proba,status,note
bank,sklearn RF,0.721355351097995,0.2278995470495445,0.2256858749897219,0.0231295410194434,,
bank,sklearn HistGBM,0.7626276134742024,0.1961695776641968,0.5090353749983478,0.0165187919919844,,
shuttle,sklearn RF,0.8548829504460598,0.0009222723773827,0.1690772919973824,0.015810082986718,,
shuttle,sklearn HistGBM,0.5757727917467099,0.2430551664224846,0.3316021250211634,0.0068511249846778,,
adult,sklearn RF,0.8014091304985578,0.3658823129882771,0.7037648750119843,0.024729084019782,,
adult,sklearn HistGBM,0.8201327991191583,0.2745992818334716,0.5574208339967299,0.0181338340044021,,
click,sklearn RF,0.5443423368930783,0.4411277022277857,0.3742977500078268,0.0220333749894052,,
click,sklearn HistGBM,0.5151209555629033,0.4083464152456055,0.3772507499961648,0.0173291249957401,,
covertype_bin,sklearn RF,0.9237989934665752,0.1718429325859275,3.802998875005869,0.1789635840104892,,
covertype_bin,sklearn HistGBM,0.7368582863449916,0.5667918957884247,1.443431583000347,0.0361426660092547,,
kddcup99,sklearn RF,0.6738946127612058,0.0002267475705959,61.06609608299914,1.9476649580174128,,
kddcup99,sklearn HistGBM,0.3738014490598892,0.6822609142196789,28.028647708997596,1.9005795000120995,,
airlines,sklearn RF,0.6281528565656356,0.6966031333413428,113.5169178340002,0.3613441659836098,,
airlines,sklearn HistGBM,0.6376114200259259,0.6153415847754947,1.3755326670070644,0.0779738340061158,,
higgs,sklearn RF,0.7334718089421528,0.5298706663346218,24.219458624982508,0.519490999984555,,
higgs,sklearn HistGBM,0.7301893483812925,0.5273061352046594,1.953523749980377,0.0643697500054258,,
sf_police,sklearn RF,0.0572802951713675,4.643770197456809,19.576980999991065,0.498755540989805,,
sf_police,sklearn HistGBM,0.0499741431555054,2.635801708552272,19.185471082979348,0.4671876250067726,,
covertype_bin,fastforest,0.93406601646381,0.146782100200653,1.9195372920075895,0.0529768340056762,,
covertype_bin,AutoForest,0.9447940001136402,0.1031493246555328,5.01565329200821,0.0455489590240176,,
covertype_bin,autogrow,0.9429884922592175,0.1042978838086128,13.680325332999928,0.1675179580051917,,
adult,fastforest,0.8123794909785494,0.3094626069068908,0.1259931249951478,0.0065186250139959,,
adult,autogrow,0.8135646804083506,0.3081921339035034,0.7076528750185389,0.007312666013604,,
bank,fastforest,0.7580992574339952,0.2075511962175369,0.0957649579795543,0.0056700420100241,,
bank,autogrow,0.7550380286266207,0.2038280218839645,0.6366097919817548,0.0073902500153053,,
click,fastforest,0.5562928914950609,0.4374707341194153,0.2284593750082422,0.0100787919946014,,
click,AutoForest,0.5490781064321971,0.4374268352985382,0.5476253750093747,0.0104655000031925,,
click,autogrow,0.5430854561550381,0.4237687885761261,0.889843374985503,0.0105267089966218,,
shuttle,fastforest,0.8544850775623516,0.0038440050557255,0.0204004579863976,0.001696624996839,,
shuttle,AutoForest,0.949955440906483,0.0020836701150983,0.0675197500095237,0.0020019170187879,,
shuttle,autogrow,0.9521757263998328,0.0014636131236329,0.1414139999833423,0.0029148750181775,,
airlines,fastforest,0.6418643347901785,0.6562153697013855,0.8016967920120806,0.0564472080150153,,
airlines,autogrow,0.6443526934630884,0.6428402066230774,6.008037624997087,0.1112741669930983,,
higgs,fastforest,0.7235482418929445,0.5387067794799805,1.931352792016696,0.0623938330099917,,
higgs,AutoForest,0.7279379210050689,0.533783495426178,12.890425083023729,0.0675324580224696,,
higgs,autogrow,0.7334994371806591,0.522704541683197,24.95940808299929,0.1347987090121023,,
kddcup99,fastforest,0.5380536735141004,0.0031664143316447,4.073101665999275,0.1551607919973321,,
kddcup99,AutoForest,0.6748037248663127,0.0008331210701726,21.442519916017773,0.155946374987252,,
kddcup99,autogrow,0.7298881551369735,0.0004747349012177,33.30934687500121,0.3075927080062683,,
sf_police,fastforest,0.05939296344326063,2.775081157684326,7.999445958994329,0.08244033300434239,,
sf_police,autogrow,0.056353342732813894,2.4348747730255127,31.793703500006814,0.15322854201076552,,
