dataset,model,rmse,r2,fit,predict,status,note
california,fastforest,0.4981273511307008,0.8106462359428406,0.08148216601694,0.002702457975829,,
concrete,fastforest,5.79860873142988,0.8695136308670044,0.0084127919981256,0.0005271249974612,,
diamonds,fastforest,548.9937670411205,0.9810405969619752,0.1593880419968627,0.008223791985074,,
diabetes,fastforest,2.163344832312887,0.4623138308525085,0.3636469579942059,0.0191647080064285,,
allstate,fastforest,1920.478130570614,0.5479880571365356,0.8683357080153655,0.0423869590158574,,
bluebook,fastforest,0.2464634298502741,0.8886474370956421,0.6832140829937998,0.0107672919984906,,
walmart,fastforest,3688.4038553282094,0.9716521501541138,0.3011399160022847,0.0209160419763065,,
rossmann,fastforest,0.1375303159151988,0.8897194862365723,0.4084379589767195,0.0208390000043436,,
sgemm,fastforest,0.0585796816149202,0.9972264766693116,0.070601749990601,0.0144940000027418,,
ashrae,fastforest,0.9831448998107528,0.7872183918952942,0.8442979160172399,0.9432684159837664,,
diabetes,AutoForest,2.163344832312887,0.4623138308525085,0.7181342499970924,0.0167220830044243,,
diabetes,autogrow,2.163502314256665,0.4622355699539184,1.429586292011663,0.0180555839906446,,
bluebook,AutoForest,0.2343034078610077,0.8993642330169678,3.835255000012694,0.0107979169988539,,
bluebook,autogrow,0.2318558412024612,0.9014557600021362,11.19663787499303,0.0207368749834131,,
walmart,AutoForest,2801.85215527158,0.9836418628692628,2.061709500005236,0.0155465840070974,,
walmart,autogrow,2713.983235025596,0.9846518039703368,6.2160327910096385,0.0324973750102799,,
rossmann,AutoForest,0.1272838393092458,0.9055399298667908,2.5614765000063926,0.0199733749905135,,
rossmann,autogrow,0.1246121805347564,0.9094637036323548,6.553737375012133,0.0348005410050973,,
allstate,AutoForest,1908.632232778227,0.5535470247268677,2.8321074590203352,0.0399058329930994,,
allstate,autogrow,1910.5537155495,0.5526477098464966,4.6025845000112895,0.0477588750072754,,
sgemm,AutoForest,0.0357981305251863,0.998964250087738,0.30358237499604,0.0141621249786112,,
sgemm,autogrow,0.0354867047341277,0.9989821910858154,0.917473624984268,0.0353596660133916,,
ashrae,AutoForest,0.8425117873320931,0.843738853931427,5.089342333987588,0.8788883329834789,,
ashrae,autogrow,0.8192403780803159,0.8522520065307617,13.25215887502418,1.4698700410081074,,
california,sklearn RF,0.5062570072035765,0.8044151396774069,0.3323604580073152,0.0141535000002477,,
california,sklearn HistGBM,0.4653991966303792,0.8347108303516343,0.4319307499972638,0.0031697090016677,,
concrete,sklearn RF,5.4642397357859895,0.8841284156094289,0.0350562079984229,0.0137001249822787,,
concrete,sklearn HistGBM,4.645888325393725,0.9162364668230224,0.3594174580066465,0.0021832920028828,,
diamonds,sklearn RF,550.0859742021207,0.9809650891568692,0.7416043750126846,0.032101666991366,,
diamonds,sklearn HistGBM,540.5929177358439,0.9816164065500655,0.4932088750065304,0.0117977919871918,,
walmart,sklearn RF,5027.576305155864,0.947330374139986,11.02028108300874,0.0901871249952819,,
walmart,sklearn HistGBM,6604.209706520661,0.9091165924030148,1.2895732499891892,0.0480199170124251,,
bluebook,sklearn RF,,,,,timeout,timed out
bluebook,sklearn HistGBM,0.2471022196049961,0.8880694676836592,3.740114874992287,0.0762601250025909,,
rossmann,sklearn RF,0.2581680228340732,0.6113964933207383,17.304716082988307,0.0690612079924903,,
rossmann,sklearn HistGBM,0.3038527146485683,0.4616954394195157,1.5953318329993635,0.0413472079962957,,
diabetes,sklearn RF,2.1973959751113568,0.4452542389960807,4.3028741250163876,0.1323427080060355,,
diabetes,sklearn HistGBM,2.128808528927512,0.4793443974991238,1.2511395000037735,0.1219806669978424,,
sgemm,sklearn RF,0.0271807629132445,0.999402876255119,1.687746417010203,0.1164774160133674,,
sgemm,sklearn HistGBM,0.1976222148864749,0.9684345066512992,0.621322083985433,0.0117240840045269,,
allstate,sklearn RF,,,,,timeout,timed out
allstate,sklearn HistGBM,1860.807130241631,0.5756405616031433,2.8410117919847835,0.3247610830003395,,
ashrae,sklearn RF,,,,,timeout,timed out
ashrae,sklearn HistGBM,1.430764147416102,0.5493544189673963,23.75812774998485,0.7093339579878375,,
